[
    {
        "name": "City of Batac",
        "code": "0102805000",
        "type": "City",
        "zip_code": "2906",
        "district": "2nd"
    },
    {
        "name": "City of Laoag ",
        "code": "0102812000",
        "type": "City",
        "zip_code": "2900",
        "district": "1st"
    },
    {
        "name": "City of Candon",
        "code": "0102906000",
        "type": "City",
        "zip_code": "2706",
        "district": "2nd"
    },
    {
        "name": "City of Vigan ",
        "code": "0102934000",
        "type": "City",
        "zip_code": "2700",
        "district": "1st"
    },
    {
        "name": "City of San Fernando ",
        "code": "0103314000",
        "type": "City",
        "zip_code": "2500",
        "district": "1st"
    },
    {
        "name": "City of Alaminos",
        "code": "0105503000",
        "type": "City",
        "zip_code": "2404",
        "district": "1st"
    },
    {
        "name": "City of Dagupan",
        "code": "0105518000",
        "type": "City",
        "zip_code": "2400",
        "district": "1st"
    },
    {
        "name": "City of San Carlos",
        "code": "0105532000",
        "type": "City",
        "zip_code": "2420",
        "district": "5th"
    },
    {
        "name": "City of Urdaneta",
        "code": "0105546000",
        "type": "City",
        "zip_code": "2428",
        "district": "5th"
    },
    {
        "name": "Tuguegarao City ",
        "code": "0201529000",
        "type": "City",
        "zip_code": "3500",
        "district": "3rd"
    },
    {
        "name": "City of Cauayan",
        "code": "0203108000",
        "type": "City",
        "zip_code": "3304",
        "district": "6th"
    },
    {
        "name": "City of Ilagan ",
        "code": "0203114000",
        "type": "City",
        "zip_code": "3300",
        "district": "1st"
    },
    {
        "name": "City of Santiago",
        "code": "0203135000",
        "type": "City",
        "zip_code": "3306",
        "district": "Lone"
    },
    {
        "name": "City of Balanga ",
        "code": "0300803000",
        "type": "City",
        "zip_code": "2100",
        "district": "1st"
    },
    {
        "name": "City of Baliwag",
        "code": "0301403000",
        "type": "City",
        "zip_code": "3006",
        "district": "1st"
    },
    {
        "name": "City of Malolos ",
        "code": "0301410000",
        "type": "City",
        "zip_code": "3000",
        "district": "1st"
    },
    {
        "name": "City of Meycauayan",
        "code": "0301412000",
        "type": "City",
        "zip_code": "3020",
        "district": "4th"
    },
    {
        "name": "City of San Jose Del Monte",
        "code": "0301420000",
        "type": "City",
        "zip_code": "3023",
        "district": "Lone"
    },
    {
        "name": "City of Cabanatuan",
        "code": "0304903000",
        "type": "City",
        "zip_code": "3100",
        "district": "1st"
    },
    {
        "name": "City of Gapan",
        "code": "0304908000",
        "type": "City",
        "zip_code": "3103",
        "district": "3rd"
    },
    {
        "name": "Science City of Mu\u00c3\u00b1oz",
        "code": "0304917000",
        "type": "City",
        "zip_code": "3119",
        "district": "4th"
    },
    {
        "name": "City of Palayan ",
        "code": "0304919000",
        "type": "City",
        "zip_code": "3120",
        "district": "3rd"
    },
    {
        "name": "San Jose City",
        "code": "0304926000",
        "type": "City",
        "zip_code": "3116",
        "district": "1st"
    },
    {
        "name": "City of Angeles",
        "code": "0330100000",
        "type": "City",
        "zip_code": "2009",
        "district": "1st"
    },
    {
        "name": "Mabalacat City",
        "code": "0305409000",
        "type": "City",
        "zip_code": "2010",
        "district": "1st"
    },
    {
        "name": "City of San Fernando ",
        "code": "0305416000",
        "type": "City",
        "zip_code": "2000",
        "district": "3rd"
    },
    {
        "name": "City of Tarlac ",
        "code": "0306916000",
        "type": "City",
        "zip_code": "2300",
        "district": "1st"
    },
    {
        "name": "City of Olongapo",
        "code": "0331400000",
        "type": "City",
        "zip_code": "2200",
        "district": "Lone"
    },
    {
        "name": "Batangas City ",
        "code": "0401005000",
        "type": "City",
        "zip_code": "4200",
        "district": "2nd"
    },
    {
        "name": "City of Calaca",
        "code": "0401007000",
        "type": "City",
        "zip_code": "4218",
        "district": "1st"
    },
    {
        "name": "City of Lipa",
        "code": "0401014000",
        "type": "City",
        "zip_code": "4217",
        "district": "4th"
    },
    {
        "name": "City of Sto. Tomas",
        "code": "0401028000",
        "type": "City",
        "zip_code": "4234",
        "district": "5th"
    },
    {
        "name": "City of Tanauan",
        "code": "0401031000",
        "type": "City",
        "zip_code": "4232",
        "district": "3rd"
    },
    {
        "name": "City of Bacoor",
        "code": "0402103000",
        "type": "City",
        "zip_code": "4102",
        "district": "2nd"
    },
    {
        "name": "City of Cavite",
        "code": "0402105000",
        "type": "City",
        "zip_code": "4100",
        "district": "1st"
    },
    {
        "name": "City of Dasmari\u00c3\u00b1as",
        "code": "0402106000",
        "type": "City",
        "zip_code": "4114",
        "district": "4th"
    },
    {
        "name": "City of General Trias",
        "code": "0402108000",
        "type": "City",
        "zip_code": "4107",
        "district": "6th"
    },
    {
        "name": "City of Imus",
        "code": "0402109000",
        "type": "City",
        "zip_code": "4103",
        "district": "1st"
    },
    {
        "name": "City of Tagaytay",
        "code": "0402119000",
        "type": "City",
        "zip_code": "4120",
        "district": "6th"
    },
    {
        "name": "City of Trece Martires ",
        "code": "0402122000",
        "type": "City",
        "zip_code": "4107",
        "district": "6th"
    },
    {
        "name": "City of Bi\u00c3\u00b1an",
        "code": "0403403000",
        "type": "City",
        "zip_code": "4024",
        "district": "Lone"
    },
    {
        "name": "City of Cabuyao",
        "code": "0403404000",
        "type": "City",
        "zip_code": "4025",
        "district": "1st"
    },
    {
        "name": "City of Calamba",
        "code": "0403405000",
        "type": "City",
        "zip_code": "4027",
        "district": "2nd"
    },
    {
        "name": "City of San Pablo",
        "code": "0403424000",
        "type": "City",
        "zip_code": "4000",
        "district": "3rd"
    },
    {
        "name": "City of San Pedro",
        "code": "0403425000",
        "type": "City",
        "zip_code": "4023",
        "district": "1st"
    },
    {
        "name": "City of Santa Rosa",
        "code": "0403428000",
        "type": "City",
        "zip_code": "4026",
        "district": "1st"
    },
    {
        "name": "City of Lucena ",
        "code": "0431200000",
        "type": "City",
        "zip_code": "4301",
        "district": "2nd"
    },
    {
        "name": "City of Tayabas",
        "code": "0405647000",
        "type": "City",
        "zip_code": "4320",
        "district": "2nd"
    },
    {
        "name": "City of Antipolo ",
        "code": "0405802000",
        "type": "City",
        "zip_code": "1870",
        "district": "Lone"
    },
    {
        "name": "City of Calapan ",
        "code": "1705205000",
        "type": "City",
        "zip_code": "5200",
        "district": "2nd"
    },
    {
        "name": "City of Puerto Princesa ",
        "code": "1731500000",
        "type": "City",
        "zip_code": "5300",
        "district": "Lone"
    },
    {
        "name": "City of Legazpi ",
        "code": "0500506000",
        "type": "City",
        "zip_code": "4500",
        "district": "1st"
    },
    {
        "name": "City of Ligao",
        "code": "0500508000",
        "type": "City",
        "zip_code": "4520",
        "district": "3rd"
    },
    {
        "name": "City of Tabaco",
        "code": "0500517000",
        "type": "City",
        "zip_code": "4511",
        "district": "1st"
    },
    {
        "name": "City of Iriga",
        "code": "0501716000",
        "type": "City",
        "zip_code": "4427",
        "district": "4th"
    },
    {
        "name": "City of Naga",
        "code": "0501724000",
        "type": "City",
        "zip_code": "4400",
        "district": "1st"
    },
    {
        "name": "City of Masbate ",
        "code": "0504111000",
        "type": "City",
        "zip_code": "5400",
        "district": "1st"
    },
    {
        "name": "City of Sorsogon ",
        "code": "0506216000",
        "type": "City",
        "zip_code": "4700",
        "district": "1st"
    },
    {
        "name": "City of Roxas ",
        "code": "0601914000",
        "type": "City",
        "zip_code": "5800",
        "district": "1st"
    },
    {
        "name": "City of Iloilo ",
        "code": "0631000000",
        "type": "City",
        "zip_code": "5000",
        "district": "Lone"
    },
    {
        "name": "City of Passi",
        "code": "0603035000",
        "type": "City",
        "zip_code": "5031",
        "district": "4th"
    },
    {
        "name": "City of Bacolod ",
        "code": "0630200000",
        "type": "City",
        "zip_code": "6100",
        "district": "Lone"
    },
    {
        "name": "City of Bago",
        "code": "0604502000",
        "type": "City",
        "zip_code": "6104",
        "district": "4th"
    },
    {
        "name": "City of Cadiz",
        "code": "0604504000",
        "type": "City",
        "zip_code": "6122",
        "district": "6th"
    },
    {
        "name": "City of Escalante",
        "code": "0604509000",
        "type": "City",
        "zip_code": "6127",
        "district": "6th"
    },
    {
        "name": "City of Himamaylan",
        "code": "0604510000",
        "type": "City",
        "zip_code": "6130",
        "district": "3rd"
    },
    {
        "name": "City of Kabankalan",
        "code": "0604515000",
        "type": "City",
        "zip_code": "6110",
        "district": "3rd"
    },
    {
        "name": "City of La Carlota",
        "code": "0604516000",
        "type": "City",
        "zip_code": "6127",
        "district": "3rd"
    },
    {
        "name": "City of Sagay",
        "code": "0604523000",
        "type": "City",
        "zip_code": "6122",
        "district": "1st"
    },
    {
        "name": "City of San Carlos",
        "code": "0604524000",
        "type": "City",
        "zip_code": "6127",
        "district": "2nd"
    },
    {
        "name": "City of Silay",
        "code": "0604526000",
        "type": "City",
        "zip_code": "6116",
        "district": "2nd"
    },
    {
        "name": "City of Sipalay",
        "code": "0604527000",
        "type": "City",
        "zip_code": "6128",
        "district": "5th"
    },
    {
        "name": "City of Talisay",
        "code": "0604528000",
        "type": "City",
        "zip_code": "6115",
        "district": "3rd"
    },
    {
        "name": "City of Victorias",
        "code": "0604531000",
        "type": "City",
        "zip_code": "6129",
        "district": "3rd"
    },
    {
        "name": "City of Tagbilaran ",
        "code": "0701242000",
        "type": "City",
        "zip_code": "6300",
        "district": "1st"
    },
    {
        "name": "City of Bogo",
        "code": "0702211000",
        "type": "City",
        "zip_code": "6011",
        "district": "4th"
    },
    {
        "name": "City of Carcar",
        "code": "0702214000",
        "type": "City",
        "zip_code": "6042",
        "district": "2nd"
    },
    {
        "name": "City of Cebu ",
        "code": "0730600000",
        "type": "City",
        "zip_code": "6000",
        "district": "2nd"
    },
    {
        "name": "Danao City",
        "code": "0702223000",
        "type": "City",
        "zip_code": "6006",
        "district": "5th"
    },
    {
        "name": "City of Lapu-Lapu",
        "code": "0731100000",
        "type": "City",
        "zip_code": "6015",
        "district": "6th"
    },
    {
        "name": "City of Mandaue",
        "code": "0731300000",
        "type": "City",
        "zip_code": "6014",
        "district": "6th"
    },
    {
        "name": "City of Naga",
        "code": "0702234000",
        "type": "City",
        "zip_code": "6037",
        "district": "1st"
    },
    {
        "name": "City of Talisay",
        "code": "0702250000",
        "type": "City",
        "zip_code": "6045",
        "district": "2nd"
    },
    {
        "name": "City of Toledo",
        "code": "0702251000",
        "type": "City",
        "zip_code": "6030",
        "district": "3rd"
    },
    {
        "name": "City of Bais",
        "code": "0704604000",
        "type": "City",
        "zip_code": "6202",
        "district": "3rd"
    },
    {
        "name": "City of Bayawan",
        "code": "0704606000",
        "type": "City",
        "zip_code": "6210",
        "district": "3rd"
    },
    {
        "name": "City of Canlaon",
        "code": "0704608000",
        "type": "City",
        "zip_code": "6217",
        "district": "3rd"
    },
    {
        "name": "City of Dumaguete ",
        "code": "0704610000",
        "type": "City",
        "zip_code": "6200",
        "district": "2nd"
    },
    {
        "name": "City of Guihulngan",
        "code": "0704611000",
        "type": "City",
        "zip_code": "6212",
        "district": "3rd"
    },
    {
        "name": "City of Tanjay",
        "code": "0704621000",
        "type": "City",
        "zip_code": "6204",
        "district": "3rd"
    },
    {
        "name": "City of Borongan ",
        "code": "0802604000",
        "type": "City",
        "zip_code": "6800",
        "district": "Lone"
    },
    {
        "name": "City of Baybay",
        "code": "0803708000",
        "type": "City",
        "zip_code": "6521",
        "district": "5th"
    },
    {
        "name": "Ormoc City",
        "code": "0803738000",
        "type": "City",
        "zip_code": "6540",
        "district": "4th"
    },
    {
        "name": "City of Tacloban ",
        "code": "0831600000",
        "type": "City",
        "zip_code": "6500",
        "district": "Lone"
    },
    {
        "name": "City of Calbayog",
        "code": "0806003000",
        "type": "City",
        "zip_code": "6710",
        "district": "1st"
    },
    {
        "name": "City of Catbalogan ",
        "code": "0806005000",
        "type": "City",
        "zip_code": "6700",
        "district": "1st"
    },
    {
        "name": "City of Maasin ",
        "code": "0806407000",
        "type": "City",
        "zip_code": "6600",
        "district": "Lone"
    },
    {
        "name": "City of Dapitan",
        "code": "0907201000",
        "type": "City",
        "zip_code": "7101",
        "district": "3rd"
    },
    {
        "name": "City of Dipolog ",
        "code": "0907202000",
        "type": "City",
        "zip_code": "7100",
        "district": "1st"
    },
    {
        "name": "City of Pagadian ",
        "code": "0907322000",
        "type": "City",
        "zip_code": "7015",
        "district": "1st"
    },
    {
        "name": "City of Zamboanga",
        "code": "0931700000",
        "type": "City",
        "zip_code": "7000",
        "district": "Lone"
    },
    {
        "name": "City of Isabela",
        "code": "0990101000",
        "type": "City",
        "zip_code": "",
        "district": "2nd"
    },
    {
        "name": "City of Malaybalay ",
        "code": "1001312000",
        "type": "City",
        "zip_code": "8700",
        "district": "4th"
    },
    {
        "name": "City of Valencia",
        "code": "1001321000",
        "type": "City",
        "zip_code": "8709",
        "district": "2nd"
    },
    {
        "name": "City of Iligan",
        "code": "1030900000",
        "type": "City",
        "zip_code": "9200",
        "district": "Lone"
    },
    {
        "name": "City of Oroquieta ",
        "code": "1004209000",
        "type": "City",
        "zip_code": "7207",
        "district": "1st"
    },
    {
        "name": "City of Ozamiz",
        "code": "1004210000",
        "type": "City",
        "zip_code": "7200",
        "district": "1st"
    },
    {
        "name": "City of Tangub",
        "code": "1004215000",
        "type": "City",
        "zip_code": "7208",
        "district": "2nd"
    },
    {
        "name": "City of Cagayan De Oro ",
        "code": "1030500000",
        "type": "City",
        "zip_code": "9000",
        "district": "Lone"
    },
    {
        "name": "City of El Salvador",
        "code": "1004307000",
        "type": "City",
        "zip_code": "9007",
        "district": "2nd"
    },
    {
        "name": "City of Gingoog",
        "code": "1004308000",
        "type": "City",
        "zip_code": "9002",
        "district": "1st"
    },
    {
        "name": "City of Panabo",
        "code": "1102315000",
        "type": "City",
        "zip_code": "8105",
        "district": "1st"
    },
    {
        "name": "Island Garden City of Samal",
        "code": "1102317000",
        "type": "City",
        "zip_code": "8103",
        "district": "1st"
    },
    {
        "name": "City of Tagum ",
        "code": "1102319000",
        "type": "City",
        "zip_code": "8100",
        "district": "1st"
    },
    {
        "name": "City of Davao",
        "code": "1130700000",
        "type": "City",
        "zip_code": "8000",
        "district": "3rd"
    },
    {
        "name": "City of Digos ",
        "code": "1102403000",
        "type": "City",
        "zip_code": "8002",
        "district": "1st"
    },
    {
        "name": "City of Mati ",
        "code": "1102509000",
        "type": "City",
        "zip_code": "8200",
        "district": "2nd"
    },
    {
        "name": "City of Kidapawan ",
        "code": "1204704000",
        "type": "City",
        "zip_code": "9400",
        "district": "1st"
    },
    {
        "name": "City of General Santos",
        "code": "1230800000",
        "type": "City",
        "zip_code": "9500",
        "district": "Lone"
    },
    {
        "name": "City of Koronadal ",
        "code": "1206306000",
        "type": "City",
        "zip_code": "9506",
        "district": "1st"
    },
    {
        "name": "City of Tacurong",
        "code": "1206511000",
        "type": "City",
        "zip_code": "9804",
        "district": "1st"
    },
    {
        "name": "City of Manila",
        "code": "1380600000",
        "type": "City",
        "zip_code": "",
        "district": "Lone"
    },
    {
        "name": "City of Mandaluyong",
        "code": "1380500000",
        "type": "City",
        "zip_code": "1550",
        "district": "Lone"
    },
    {
        "name": "City of Marikina",
        "code": "1380700000",
        "type": "City",
        "zip_code": "1800",
        "district": "Lone"
    },
    {
        "name": "City of Pasig",
        "code": "1381200000",
        "type": "City",
        "zip_code": "1600",
        "district": "Lone"
    },
    {
        "name": "Quezon City",
        "code": "1381300000",
        "type": "City",
        "zip_code": "",
        "district": "Lone"
    },
    {
        "name": "City of San Juan",
        "code": "1381400000",
        "type": "City",
        "zip_code": "",
        "district": "Lone"
    },
    {
        "name": "City of Caloocan",
        "code": "1380100000",
        "type": "City",
        "zip_code": "",
        "district": "Lone"
    },
    {
        "name": "City of Malabon",
        "code": "1380400000",
        "type": "City",
        "zip_code": "",
        "district": "Lone"
    },
    {
        "name": "City of Navotas",
        "code": "1380900000",
        "type": "City",
        "zip_code": "",
        "district": "Lone"
    },
    {
        "name": "City of Valenzuela",
        "code": "1381600000",
        "type": "City",
        "zip_code": "",
        "district": "Lone"
    },
    {
        "name": "City of Las Pi\u00c3\u00b1as",
        "code": "1380200000",
        "type": "City",
        "zip_code": "",
        "district": "Lone"
    },
    {
        "name": "City of Makati",
        "code": "1380300000",
        "type": "City",
        "zip_code": "",
        "district": "Lone"
    },
    {
        "name": "City of Muntinlupa",
        "code": "1380800000",
        "type": "City",
        "zip_code": "1770",
        "district": "Lone"
    },
    {
        "name": "City of Para\u00c3\u00b1aque",
        "code": "1381000000",
        "type": "City",
        "zip_code": "1700",
        "district": "Lone"
    },
    {
        "name": "Pasay City",
        "code": "1381100000",
        "type": "City",
        "zip_code": "1300",
        "district": "Lone"
    },
    {
        "name": "City of Taguig",
        "code": "1381500000",
        "type": "City",
        "zip_code": "1630",
        "district": "Lone"
    },
    {
        "name": "City of Baguio",
        "code": "1430300000",
        "type": "City",
        "zip_code": "2600",
        "district": "Lone"
    },
    {
        "name": "City of Tabuk ",
        "code": "1403213000",
        "type": "City",
        "zip_code": "3800",
        "district": "Lone"
    },
    {
        "name": "City of Butuan ",
        "code": "1630400000",
        "type": "City",
        "zip_code": "8600",
        "district": "Lone"
    },
    {
        "name": "City of Cabadbaran",
        "code": "1600203000",
        "type": "City",
        "zip_code": "8610",
        "district": "1st"
    },
    {
        "name": "City of Bayugan",
        "code": "1600301000",
        "type": "City",
        "zip_code": "8609",
        "district": "2nd"
    },
    {
        "name": "City of Surigao ",
        "code": "1606724000",
        "type": "City",
        "zip_code": "8400",
        "district": "1st"
    },
    {
        "name": "City of Bislig",
        "code": "1606803000",
        "type": "City",
        "zip_code": "8306",
        "district": "2nd"
    },
    {
        "name": "City of Tandag ",
        "code": "1606819000",
        "type": "City",
        "zip_code": "8300",
        "district": "1st"
    },
    {
        "name": "City of Lamitan ",
        "code": "1900702000",
        "type": "City",
        "zip_code": "7302",
        "district": "Lone"
    },
    {
        "name": "City of Marawi ",
        "code": "1903617000",
        "type": "City",
        "zip_code": "9700",
        "district": "1st"
    },
    {
        "name": "City of Cotabato",
        "code": "1908703000",
        "type": "City",
        "zip_code": "9600",
        "district": "1st"
    }
]