[
    {
        "name": "Ilocos Norte",
        "code": "0102800000"
    },
    {
        "name": "Ilocos Sur",
        "code": "0102900000"
    },
    {
        "name": "La Union",
        "code": "0103300000"
    },
    {
        "name": "Pangasinan",
        "code": "0105500000"
    },
    {
        "name": "Batanes",
        "code": "0200900000"
    },
    {
        "name": "Cagayan",
        "code": "0201500000"
    },
    {
        "name": "Isabela",
        "code": "0203100000"
    },
    {
        "name": "Nueva Vizcaya",
        "code": "0205000000"
    },
    {
        "name": "Quirino",
        "code": "0205700000"
    },
    {
        "name": "Bataan",
        "code": "0300800000"
    },
    {
        "name": "Bulacan",
        "code": "0301400000"
    },
    {
        "name": "Nueva Ecija",
        "code": "0304900000"
    },
    {
        "name": "Pampanga",
        "code": "0305400000"
    },
    {
        "name": "Tarlac",
        "code": "0306900000"
    },
    {
        "name": "Zambales",
        "code": "0307100000"
    },
    {
        "name": "Aurora",
        "code": "0307700000"
    },
    {
        "name": "Batangas",
        "code": "0401000000"
    },
    {
        "name": "Cavite",
        "code": "0402100000"
    },
    {
        "name": "Laguna",
        "code": "0403400000"
    },
    {
        "name": "Quezon",
        "code": "0405600000"
    },
    {
        "name": "Rizal",
        "code": "0405800000"
    },
    {
        "name": "Marinduque",
        "code": "1704000000"
    },
    {
        "name": "Occidental Mindoro",
        "code": "1705100000"
    },
    {
        "name": "Oriental Mindoro",
        "code": "1705200000"
    },
    {
        "name": "Palawan",
        "code": "1705300000"
    },
    {
        "name": "Romblon",
        "code": "1705900000"
    },
    {
        "name": "Albay",
        "code": "0500500000"
    },
    {
        "name": "Camarines Norte",
        "code": "0501600000"
    },
    {
        "name": "Camarines Sur",
        "code": "0501700000"
    },
    {
        "name": "Catanduanes",
        "code": "0502000000"
    },
    {
        "name": "Masbate",
        "code": "0504100000"
    },
    {
        "name": "Sorsogon",
        "code": "0506200000"
    },
    {
        "name": "Aklan",
        "code": "0600400000"
    },
    {
        "name": "Antique",
        "code": "0600600000"
    },
    {
        "name": "Capiz",
        "code": "0601900000"
    },
    {
        "name": "Iloilo",
        "code": "0603000000"
    },
    {
        "name": "Negros Occidental",
        "code": "0604500000"
    },
    {
        "name": "Guimaras",
        "code": "0607900000"
    },
    {
        "name": "Bohol",
        "code": "0701200000"
    },
    {
        "name": "Cebu",
        "code": "0702200000"
    },
    {
        "name": "Negros Oriental",
        "code": "0704600000"
    },
    {
        "name": "Siquijor",
        "code": "0706100000"
    },
    {
        "name": "Eastern Samar",
        "code": "0802600000"
    },
    {
        "name": "Leyte",
        "code": "0803700000"
    },
    {
        "name": "Northern Samar",
        "code": "0804800000"
    },
    {
        "name": "Samar",
        "code": "0806000000"
    },
    {
        "name": "Southern Leyte",
        "code": "0806400000"
    },
    {
        "name": "Biliran",
        "code": "0807800000"
    },
    {
        "name": "Zamboanga del Norte",
        "code": "0907200000"
    },
    {
        "name": "Zamboanga del Sur",
        "code": "0907300000"
    },
    {
        "name": "Zamboanga Sibugay",
        "code": "0908300000"
    },
    {
        "name": "Bukidnon",
        "code": "1001300000"
    },
    {
        "name": "Camiguin",
        "code": "1001800000"
    },
    {
        "name": "Lanao del Norte",
        "code": "1003500000"
    },
    {
        "name": "Misamis Occidental",
        "code": "1004200000"
    },
    {
        "name": "Misamis Oriental",
        "code": "1004300000"
    },
    {
        "name": "Davao del Norte",
        "code": "1102300000"
    },
    {
        "name": "Davao del Sur",
        "code": "1102400000"
    },
    {
        "name": "Davao Oriental",
        "code": "1102500000"
    },
    {
        "name": "Davao de Oro",
        "code": "1108200000"
    },
    {
        "name": "Davao Occidental",
        "code": "1108600000"
    },
    {
        "name": "Cotabato",
        "code": "1204700000"
    },
    {
        "name": "South Cotabato",
        "code": "1206300000"
    },
    {
        "name": "Sultan Kudarat",
        "code": "1206500000"
    },
    {
        "name": "Sarangani",
        "code": "1208000000"
    },
    {
        "name": "Abra",
        "code": "1400100000"
    },
    {
        "name": "Benguet",
        "code": "1401100000"
    },
    {
        "name": "Ifugao",
        "code": "1402700000"
    },
    {
        "name": "Kalinga",
        "code": "1403200000"
    },
    {
        "name": "Mountain Province",
        "code": "1404400000"
    },
    {
        "name": "Apayao",
        "code": "1408100000"
    },
    {
        "name": "Agusan del Norte",
        "code": "1600200000"
    },
    {
        "name": "Agusan del Sur",
        "code": "1600300000"
    },
    {
        "name": "Surigao del Norte",
        "code": "1606700000"
    },
    {
        "name": "Surigao del Sur",
        "code": "1606800000"
    },
    {
        "name": "Dinagat Islands",
        "code": "1608500000"
    },
    {
        "name": "Basilan",
        "code": "1900700000"
    },
    {
        "name": "Lanao del Sur",
        "code": "1903600000"
    },
    {
        "name": "Sulu",
        "code": "1906600000"
    },
    {
        "name": "Tawi-Tawi",
        "code": "1907000000"
    },
    {
        "name": "Maguindanao del Norte",
        "code": "1908700000"
    },
    {
        "name": "Maguindanao del Sur",
        "code": "1908800000"
    }
]